{
  "project_info": {
    "project_number": "986330050683",
    "firebase_url": "https://tem-comprar-e-vender.firebaseio.com",
    "project_id": "tem-comprar-e-vender",
    "storage_bucket": "tem-comprar-e-vender.appspot.com"
  },
  "client": [
    {
      "client_info": {
        "mobilesdk_app_id": "1:986330050683:android:1e3449794ed2f7fd",
        "android_client_info": {
          "package_name": "com.mobbidigital.goiania"
        }
      },
      "oauth_client": [
        {
          "client_id": "986330050683-v9qjvkktb0t1cr93pph74209hbkcfg8q.apps.googleusercontent.com",
          "client_type": 1,
          "android_info": {
            "package_name": "com.mobbidigital.goiania",
            "certificate_hash": "51ba7b8d6465b877bf8f54cd01ed05b6fd5f6a7f"
          }
        },
        {
          "client_id": "986330050683-jkut00dmaln3k9bpb232anafv1cf28ml.apps.googleusercontent.com",
          "client_type": 3
        }
      ],
      "api_key": [
        {
          "current_key": "AIzaSyBR53tYLU8Gv32w7gJDyhdUfH8tZlqrs1A"
        }
      ],
      "services": {
        "analytics_service": {
          "status": 1
        },
        "appinvite_service": {
          "status": 2,
          "other_platform_oauth_client": [
            {
              "client_id": "986330050683-jkut00dmaln3k9bpb232anafv1cf28ml.apps.googleusercontent.com",
              "client_type": 3
            }
          ]
        },
        "ads_service": {
          "status": 2
        }
      }
    }
  ],
  "configuration_version": "1"
}